x1,x2,x3,x4,x5,x6,x7,x8,x9,x10,target
0.42771237958911923,0.18304932912966587,0.21743088545572153,0.7698489385131293,0.4783763335706135,0.5141472097275793,0.8974781070164425,0.2399796236265972,0.3292715545588386,0.3086163735696874,13.444696723398474
0.6592381425590279,0.5624507184870884,0.47154462238846917,0.6679843385647428,0.4839186434705045,0.8159573563567335,0.41024312716832956,0.8906076099873114,0.11963003356064317,0.09394808174980929,18.71768488873959
0.6557015156142245,0.3897058685347642,0.45571435721071907,0.6960186440944005,0.21453938307087506,0.04392797676576854,0.4388892060165993,0.894725345489034,0.4507378783641378,0.5719643403992213,15.324948618596656
0.2083680822090691,0.4640739372715301,0.4806545627333253,0.23514122175120045,0.16379666745424448,0.35025776801445785,0.03886544992214913,0.16645178461694343,0.7313534891546963,0.6491338489336766,7.167716523316812
0.31278081619018416,0.5511619685079292,0.8293849548983966,0.8391447007744103,0.6543769079495858,0.12405338732900395,0.16290023470019077,0.2916732016227547,0.6707147390441556,0.25800386959898036,18.268560469553286
0.46443248378736623,0.8255256401668054,0.8917737499617389,0.8385453652005037,0.11643868425985504,0.9107541151537312,0.6841387193729794,0.6187865983467516,0.24754510238911032,0.9282278691594367,20.807872404092844
0.01736106640703483,0.08218601345906251,0.1536745770073713,0.6941444327860231,0.6228572849291513,0.9446777976679388,0.348981717573393,0.3476167407587746,0.6695340082602812,0.174157213165556,12.862080751965069
0.46404263945894686,0.015433249046840958,0.5920395072719087,0.7839903943127992,0.20375432985326924,0.30717066208121135,0.1318393208785532,0.6156745110886563,0.5640205294877706,0.8263961753818642,10.008878002715422
0.9703437059738782,0.9836435837412172,0.10716776571184716,0.5531365110219083,0.7896547292568165,0.6589830805267899,0.8969867225389521,0.44171918789287945,0.42709707318072376,0.026112542199035804,13.931270711588132
0.0156498131076257,0.6926459716003112,0.47146614653665286,0.6602307891443666,0.2382223308705319,0.8630922640980163,0.9028645103102833,0.6622967180233662,0.27780133843469723,0.21615596941108306,8.092685953430772
0.6254998663015056,0.9407779775408281,0.5781124511688721,0.8393048437748853,0.5654055485545575,0.674601293761134,0.5677766453198521,0.5753637495223093,0.7392500927926164,0.39624438780054905,21.062033902190993
0.9039976943593818,0.8634928484727489,0.7253142592990688,0.743426192358295,0.4132408084299689,0.8325264756726789,0.9326095335783212,0.7951486076490979,0.133022904144386,0.7866219217153588,16.633537050955393
0.46457149379736984,0.6086995099040906,0.9911599581512242,0.35935480946073994,0.3485283851073112,0.2631329798274108,0.12712312028753536,0.16817367351299073,0.5142689904607677,0.909799826874344,18.415316902453966
0.8098992674908246,0.1824920735062836,0.5616901456967606,0.8469246415331297,0.5394930311722747,0.9114321213338322,0.9078849597268268,0.34824402952797473,0.8739295729110027,0.5851158037900308,15.47973815224408
0.4798463092091675,0.774265274797547,0.7896167580218049,0.6754223616541954,0.8108937707558533,0.9514239123559285,0.8730874537062066,0.0742532708865834,0.8500289768086469,0.7815276919320837,22.032925541790927
0.9267413939175,0.7395689567882813,0.8778535172685874,0.010218761784698827,0.977805324332496,0.19090630406048814,0.8642295554286445,0.9296106328802604,0.002223433445791234,0.9136780906680596,15.536405721427666
0.8292118829158499,0.9224126455946065,0.1768823049950864,0.777440933452345,0.487485854754508,0.2576890349997404,0.7561714039618787,0.47325322636778444,0.8998846875339974,0.7107315033239198,19.892223255473542
0.13914538296029755,0.2507634708908424,0.2645335303043861,0.34405009025280253,0.6664504292449442,0.894332563754259,0.5937002570940904,0.7518017116321575,0.31673289663091775,0.5224648058929375,7.915448652331968
0.5041263436110719,0.7010598246394338,0.5179589443333693,0.3342536306388302,0.2439074028523427,0.25470594887345654,0.9808844273238302,0.3574764867707326,0.8066040970137983,0.07136640206425904,12.995262053354761
0.08965322909999063,0.6861511524599697,0.45720911810250886,0.8804932992918116,0.8622202742823336,0.7556572407474075,0.8153162212852013,0.8705040791261739,0.7835755494493052,0.5268922499358235,16.199941066142607
0.26474653699729145,0.7873823411627027,0.31770827101138654,0.24481799454807074,0.17166761841585354,0.6271885272570952,0.24247897630363835,0.37482763694602683,0.7090629993223775,0.7938292583433841,10.11232365503556
0.3147646643544524,0.8428000904493764,0.05795673635250709,0.9858727959407777,0.41687646496827113,0.3248852165459306,0.923675746123213,0.1323890255475909,0.35779871239912,0.35890111799863356,22.923559521370937
0.42436169846672633,0.8483390771341213,0.8493814840593896,0.5916372967412805,0.9917587620718061,0.8441607784135955,0.6810692599668946,0.19945842249965184,0.549730738870102,0.21390673999403342,21.726268079233897
0.3016562329896023,0.6858638076409685,0.1844197137990924,0.09084098319643896,0.5315455924956745,0.000951459119968634,0.6089153482311243,0.9013415812019414,0.19024268886333096,0.382769128158179,11.391629754962304
0.9163664951051658,0.7038711802185735,0.13531371766467504,0.38199452246644783,0.7559951813055709,0.664777806136912,0.1556586359296902,0.06248208352842499,0.6816648132580481,0.6090227819156586,19.384945870424616
0.059342704191783,0.9748118915440798,0.2524385710137531,0.3860235486431327,0.17759748924147,0.8285221702067569,0.962568208458213,0.21330567336301354,0.2831690840630796,0.7065159854843386,8.024666587277702
0.5278891935519353,0.1050674876471791,0.9286192969143087,0.6111511089822163,0.3012575098939133,0.4898031290179852,0.5002468516002953,0.5254177627164895,0.49730569805428215,0.5617932530499268,13.186869472059582
0.3933527005590539,0.14616269517653646,0.664583109204249,0.7924864972522105,0.8410182031523357,0.021952105762874874,0.40462533022134506,0.9784382419347061,0.06256309884714695,0.7855540942895888,13.57499237640689
0.1261129509075627,0.8246391606919152,0.6722212989863864,0.7250330882893702,0.9773211496537718,0.9394837831068908,0.3043714824121746,0.3752165193646251,0.4071817151895496,0.18057488656104925,16.00897308586563
0.38113488249793404,0.9790248676531936,0.48956303581464156,0.9526008888212794,0.07145796896434686,0.03928552533039242,0.5753301336258022,0.7362537912889214,0.2174590119948433,0.503358488576339,19.27125026818077
0.872940500148038,0.7617244493378005,0.23181391793280826,0.3344714152962307,0.30579126809486123,0.7195069013375063,0.9681811477217577,0.2800784434796467,0.5883005195480489,0.9885585037329886,15.173709081293394
0.15757944347857888,0.6590823151184065,0.33198809714586364,0.9916685578564556,0.10877135501535007,0.45125661704259434,0.2549733629465414,0.03168234153662752,0.9635971715636312,0.5681718742578932,14.245039561836684
0.7007871563385032,0.6202749443973732,0.14847360659790754,0.17056040384242788,0.6264455233051271,0.7798095162047772,0.6110702020307055,0.570373873579773,0.7459623184074825,0.24360835708348738,16.484947042229287
0.7316461492960165,0.41122044498884525,0.674050092870782,0.2747166530761741,0.1374649512532402,0.029159016342504396,0.8034742084750484,0.19696921824266367,0.3634643501338539,0.7688549307596984,11.685756420235771
0.4501819352172838,0.21754891880612792,0.194762402988229,0.407935347120312,0.5651763659434542,0.3923516970209685,0.9045695742194859,0.0038340303134413167,0.4020116033657979,0.7428348742149156,12.403637293753615
0.8908911171339503,0.3584018175937381,0.6735891293722611,0.5803487530183731,0.20153246653716084,0.6809443503484667,0.2495646079665027,0.7839076668240196,0.8659011951677313,0.4784222969482008,15.457392518573272
0.05412459133397274,0.7373525589581886,0.4672151618068807,0.09451923007074825,0.3311370210714858,0.2906411498597904,0.7263593985738971,0.42406670487899556,0.5870476993500251,0.5010986118968908,3.5118544480839446
0.7242569282392141,0.7180508457439254,0.4487898324255831,0.13503333179799837,0.4078763554488548,0.16013521590819835,0.9591579156053555,0.9501440980001373,0.45668566228558527,0.027627875876370056,13.274196901894587
0.3746436895663974,0.8950940086624644,0.28802113591346235,0.6219798444586003,0.1839372289045803,0.8251642056848405,0.8918973208646351,0.6151196960302039,0.6237624806083829,0.3785600294031166,16.121492358168105
0.7070913656205082,0.47846158652957516,0.7454868679260568,0.9685118957177506,0.8223758640449467,0.5173312446387938,0.9788885156165213,0.6070822293683917,0.06487241956250334,0.7303676237201681,24.056635645983384
0.8200621307505885,0.13483940597032928,0.6792899664807348,0.9209166407041928,0.25142595283617075,0.5850086088698728,0.2745882846581412,0.7744074148073729,0.5806600372246651,0.42807634772304226,13.87938541016333
0.028987989036430295,0.9447989479182465,0.4977392729783797,0.8041095431663958,0.3918949112714081,0.8491036370122237,0.16003895042554594,0.2314939120514924,0.3333913959461028,0.08859533732432645,11.402027564365934
0.4438409427003923,0.4859243888633309,0.114799997746596,0.427098706239753,0.1972960506909862,0.875211769782346,0.5092934241095392,0.9519661422997513,0.341431493525576,0.34139514275675076,13.8215661486051
0.3387118468174489,0.26828451388839525,0.784236615235514,0.28274081119139893,0.28801321337875807,0.04689625866562708,0.965361381571894,0.8862938488470068,0.2925096558425232,0.5207690372909344,8.559674725476281
0.4827450963444555,0.08770309652575425,0.5311971387709095,0.11332659689130786,0.4340896266230496,0.08780428686101716,0.5889161856872008,0.04900888372587542,0.6284286301969585,0.7072184692714816,4.82124546341906
0.5708631930776703,0.46949003040990334,0.06079270633558542,0.01135327090728766,0.34243152927730747,0.771252434064131,0.6472778949673703,0.12528094373052834,0.6879391632036949,0.5749155904110022,13.538751744726657
0.16672319354567222,0.7553016414212799,0.8303045086828318,0.23255743167362386,0.6358862933633169,0.3781324802302555,0.058460998185885904,0.8613532238862767,0.8207444809617676,0.31794250814015534,11.42822712889497
0.5315051668105086,0.5123696394117153,0.1774591313701599,0.14567390839573635,0.8442678754050394,0.8673581145077726,0.7251797101008035,0.0727655250074466,0.9091421752404253,0.9807527348583329,14.956621230383313
0.7756139290897094,0.3534126682466896,0.40577477235298354,0.8696367267799678,0.28018610755700224,0.14185761111584272,0.8228042916714854,0.1933325502790163,0.9072998287503822,0.595682127016089,18.570295966898858
0.5553698523714251,0.7757493314001708,0.01646528820717752,0.7135389964198687,0.5984939543937142,0.5237806878302871,0.21732612332571977,0.829434444758866,0.2506503229072695,0.4897728751582964,24.659517485247456
0.15808034594379727,0.973710207084076,0.19453288431303506,0.8032184014271471,0.2630792508296512,0.2560432374079984,0.42171038890376766,0.8458475957005013,0.6875574174795215,0.8716348443733373,15.77786675328742
0.047212304238804625,0.9556927280537837,0.07713689502759435,0.7210653891314409,0.20717315468137032,0.840844856615061,0.862361697519053,0.5512497429803391,0.40287071926743934,0.7933712066695725,12.326222189940042
0.874031363439969,0.7382596506739951,0.9069167583434798,0.6265315870555869,0.6704719315999876,0.5718619616104786,0.48816223722979657,0.6548605981239323,0.5611553958790942,0.7312399754581487,22.001736269376888
0.934234386043273,0.3730471813469797,0.41116841843652263,0.01503357752097545,0.5270345640510852,0.13140095639438132,0.7160007107482214,0.7795869313329277,0.7227405666585875,0.5466443483091276,11.829604828293379
0.5342172906007957,0.6465539408250752,0.5547008159959455,0.7502908941335189,0.8945278146804346,0.5361294935735871,0.11034161802873077,0.13103288361255172,0.37591844689371434,0.4962927435026452,20.20098467142827
0.22505037453906684,0.4527502066882084,0.13573391689068015,0.240830007645226,0.7339589481162604,0.985570322374412,0.1862030955441304,0.33909657997919873,0.3506866469618688,0.2233260796552874,11.487959380464812
0.2040569521491964,0.1316943338783797,0.9075145957728711,0.6493723535917268,0.290467943135543,0.25809446384308765,0.5897231543837295,0.6972223779514981,0.253008568944015,0.34716285092224264,12.157345737100766
0.29061232207988297,0.08770833098585451,0.38652844042153656,0.5336111742699314,0.6553662543343696,0.4167366854899469,0.9833701184296212,0.6258376926518684,0.8865845585712226,0.9159877626435524,9.904065644587428
0.8213993639512897,0.26998558232744074,0.4312771073812297,0.00038515074738565414,0.45140688615266533,0.2937527055570257,0.11189607633078147,0.8385878520233013,0.6734468659800595,0.9991035417928359,8.263033123623961
0.49838844240876334,0.3307061359708767,0.2638113951196509,0.43536109693695146,0.30987217857849014,0.9907585535820554,0.18279392545041917,0.019129694944508002,0.12999949390077203,0.8915323267239769,11.463932193499563
0.6939192592894883,0.7839722105644737,0.3204715669989395,0.6227035583840385,0.7078986367949193,0.3264161121845566,0.7245276910928553,0.629658715798868,0.2962350003001216,0.05285588517975759,20.373521237548275
0.2378648219077193,0.6195361809264887,0.5990306572762557,0.5076491513149191,0.2514751015233766,0.4445367425514052,0.1440437532295743,0.6623829460710408,0.8691600465768015,0.4636858987027018,10.575415675049866
0.21299754657713965,0.8278862911434558,0.3130794246121148,0.5939676322276233,0.07542152572007021,0.7179374442296335,0.46067170493084564,0.4233486221233911,0.9348364701610511,0.4914895429918009,12.175999890757055
0.016750513228806163,0.9598208833586577,0.01221289356019406,0.5358694442581509,0.6335970223842108,0.8944841553917183,0.6792124610001558,0.8111327869475923,0.7699226013479671,0.21353486210328476,14.677938562952637
0.7004680719252068,0.6375821751481773,0.24397085309208355,0.12833096963881285,0.7516393709755985,0.9711262704678802,0.7384458363637347,0.7494498764483565,0.16670451396561192,0.2470553615794644,16.190837233116785
0.5857626351534054,0.03143083985495021,0.6679229430331739,0.14481125178899024,0.413396371213014,0.320188126065294,0.10645550047758645,0.5787714855145136,0.36124585190709724,0.04398498533073869,5.168508184220599
0.44441997824125423,0.5902588707350783,0.13041435560105752,0.5849939010499347,0.3020241365688031,0.25964813971327383,0.7954832099621016,0.46774167212901774,0.3779230012023046,0.8130223897770764,16.808625405746156
0.9103442526078465,0.3150836184580522,0.05039806330111485,0.5407175634282462,0.7151537035253966,0.5877907442622524,0.6880557502201411,0.646724277202524,0.9559949092300776,0.8659179796262523,20.48206764902186
0.13184352241087582,0.4526038780433814,0.45476855769096736,0.4563337104602979,0.9307039491092791,0.327192863705402,0.6142730371821743,0.8963134466673037,0.05053865299860272,0.8785539727776791,10.726962260530533
0.76495899815316,0.20787239200889762,0.3255112946610149,0.3105867471173521,0.22130650478896297,0.6385213720232301,0.9828282997367328,0.16661179346391908,0.2321888594193544,0.2903741316482267,9.059723012713052
0.9375710509067748,0.6258215855757077,0.21266826764716062,0.8039890676461557,0.9228726961207261,0.40344219435269546,0.17281688931367056,0.3099165554873381,0.2171147526084679,0.20142701778617655,23.052140466300465
0.17078873748624968,0.8760478204608193,0.0858880204575102,0.41334952954354487,0.014735066418145593,0.2933952998507201,0.7069351644144125,0.2028357568640392,0.9987296497208092,0.04829924215368475,12.26271846123994
0.13648366780211052,0.7868809685982038,0.975998356644796,0.9540130061797808,0.7982364454138843,0.9729865685890602,0.8407944493281523,0.058024796396074385,0.845634117609625,0.483779935845692,21.56655250320211
0.4567532129074031,0.002527316839993299,0.620257164933225,0.6716086730332846,0.7907154422951373,0.32595298655315785,0.12813360166348386,0.4398503108004722,0.3622879304491481,0.753133243308269,10.522326058605753
0.22943877880957597,0.13817097915278864,0.44018548123138546,0.6279895907358981,0.28099761717300875,0.11443316120964453,0.43911639141361647,0.961877346073501,0.9673144725436799,0.7086856466899767,8.378153806837004
0.7771534143807101,0.20351013697234477,0.3746539256075,0.6047541538767262,0.7504166217753019,0.1666249335267972,0.4576283725927268,0.16275438043427126,0.6333585672500419,0.772162207248499,14.919604670014714
0.8333084711148278,0.732365156337253,0.1591451535744337,0.8284119377503606,0.33441391421649125,0.8357663300575722,0.2509006184114141,0.47570325625094434,0.5765717275177479,0.03472154698882346,21.69599287640924
0.9036945653903292,0.5115432864583649,0.1920417697038983,0.16081192828943935,0.6865482406156269,0.08173311998995514,0.4398217189343935,0.5402764853847083,0.2331310764448663,0.12919985300043169,17.384036487696807
0.49070653922314067,0.34032776951526633,0.14024161950207692,0.21037360172408526,0.47093968135204733,0.13305039783630723,0.9361193319441086,0.7754558203997661,0.3255578370843577,0.25835576210345734,12.622905360505918
0.8742955068172376,0.4269280532308617,0.8627178236667371,0.7424563768282926,0.09211800819328697,0.8136039369104491,0.5398810432643404,0.6776001404930987,0.2190044663300007,0.0002705754389797921,19.40003580596869
0.3336880932113494,0.19062733831477774,0.4352165145653,0.09089781104969352,0.8950463007480637,0.11872387160824749,0.7641849305596745,0.9393245316672139,0.14822846639773524,0.3464767935903392,7.41941865596512
0.7310624880967723,0.7144620780443953,0.037395050274578456,0.07069405484876212,0.12013963232679603,0.5680218656048432,0.05504310848153393,0.5884099479245409,0.3424619837095414,0.6694104333897537,15.062727244824037
0.782042333585385,0.7913993239141035,0.0376348242211374,0.9471953270934483,0.5866462867868676,0.8956990954698019,0.6151451814094254,0.48411702784666333,0.7297286158422193,0.21942126294552167,26.742277599727423
0.10322622301648898,0.09049821969490901,0.8491360684543227,0.9124447919486611,0.8144139989427307,0.9044336308705692,0.9847757572111152,0.5260588798899077,0.15388056972390962,0.607926518939442,16.06103066023723
0.35389326964666223,0.3464485964350478,0.727808110866138,0.09065068809543875,0.037531509538708874,0.6952744678518028,0.26072978548268855,0.38550119517323045,0.3076329849446261,0.6148412084097864,6.386214176914101
0.15451553911913218,0.720588054471252,0.9249269566181448,0.8361086880893439,0.9070369694183383,0.9370708568720091,0.3723341823630195,0.7957401808735202,0.4948256148845628,0.2697731698428999,19.752915451623938
0.7468820241475215,0.2441285768706689,0.10962053861819798,0.7046195587550452,0.28755501359517954,0.3059187740692154,0.8811228333849227,0.13553922537790108,0.7648460178612472,0.38621254038469643,17.46233879569423
0.893010350940386,0.440344200877377,0.4090228908706922,0.42986611137293884,0.8376904559636996,0.010510205436028874,0.7048630198139704,0.20524031397181575,0.8821255171333853,0.37592665413435644,18.467543155026398
0.33895557769702966,0.7126243822020026,0.722449015341275,0.6337109825806053,0.32980822763598105,0.6103530517471647,0.0542659222079378,0.9551798093458018,0.4527118119399386,0.3044777518121846,16.496114809229343
0.860778984239383,0.32417198621261556,0.9971734225656088,0.6905995477826294,0.6495780359305524,0.15185656006106818,0.6098627020145083,0.15512493411104056,0.7836041565888613,0.13840239653474506,22.111489433137038
0.3588327064336474,0.4767327841784007,0.8051935635926053,0.6327601991832323,0.7479673606410391,0.24397411045819117,0.23726344843054692,0.38061993581456555,0.018680869116624477,0.8307041338226921,17.086947534375042
0.36996865363962494,0.06755363760665989,0.8722154652015051,0.9678264026916077,0.646584537866546,0.3565882756462906,0.41375698656504467,0.2561556634850709,0.7112753507898396,0.3560720757020932,17.01520733495717
0.03248379332748963,0.04616218107923764,0.6147495638565559,0.2903840072826577,0.16859163829360457,0.5523650500112001,0.2784364942871874,0.07333529452097076,0.1935823904919134,0.777906719880462,3.589421482335066
0.8520114669982389,0.8721476289194653,0.5348328758501772,0.9509511320659,0.15166882192879128,0.6783561577697815,0.7042615770675321,0.053185403197011705,0.28244764133208056,0.9490481355214195,17.77617519470557
0.7590289054165272,0.05469392971792919,0.5407938306980272,0.6486221817759911,0.9730833950825234,0.7164341300675212,0.6386539547206278,0.908527464552621,0.6609372677641046,0.9321220607412548,12.971103009307964
0.4927761595665098,0.7185650308489954,0.6317546583026361,0.5525260234661343,0.3240945878746001,0.9037784292062141,0.27004465228887053,0.1593894309388344,0.7120501112450458,0.5465528389683162,16.811128475311804
0.2628606641405197,0.8703076562036238,0.28620707276098534,0.06378207402215896,0.015366717118317164,0.9228550134468861,0.40217810007772914,0.21348890659121267,0.5671014144307266,0.48788566475946504,8.379747069240864
0.9998426533190269,0.8885049754321162,0.27110229907102945,0.6977094773056498,0.3871747007175439,0.3644376628796916,0.3671073288223635,0.6392551708167901,0.5379838696848548,0.7550499220898381,13.705310681075959
0.15298584623716427,0.42542704645280727,0.8603230555960384,0.0031643894698377695,0.6234922488192912,0.7857370213633692,0.38385447191404365,0.8836159883449816,0.7356917028793647,0.6060481911768989,7.992599473793316
0.1983224782473667,0.6701039419635568,0.8337668675120633,0.729909044460154,0.5748568628776702,0.7145768387497402,0.9768885731321287,0.010804341020527963,0.6639286185775269,0.7929925807110724,17.048668109275333
